cell,n_measurements,Re_initial,Re_final,Re_increase_pct,Rct_initial,Rct_final,Rct_increase_pct
B0005,278,0.04466870036616091,0.05003573195803179,12.015195310980475,0.06945627304536996,0.07479234613687553,7.6826366540283075
B0006,278,0.06123359021000344,0.07358936787982846,20.178104252013163,0.0785415394665875,0.09999474026181411,27.314464347051736
B0007,278,0.03816813609946085,0.0671426900201505,75.91293912070005,0.06158094574229446,0.09331350931281934,51.52984123257889
B0018,53,0.06515815158455215,0.06606850271516486,1.397140815806286,0.09555369570022001,0.08895885074391789,-6.901716263274727
