cell,initial_capacity,slope_capacity,var_capacity,min_capacity_early,mean_temp,cycle_life
B0005,1.8416143801111293,-0.0009037237713061515,0.00024556457701264647,1.80210690024615,32.15778806922673,125
B0006,2.017523442309597,-0.005481257831879379,0.00338124598471043,1.8451997961855777,31.718660867744113,109
B0007,1.8825147537181273,-0.0008522778587152922,0.0001621374662384552,1.847817291322145,32.08794573669174,168
B0018,1.8402351412747584,-0.005541035073274937,0.0025222086871508425,1.6940366439243106,31.060946010337148,97
